id,name,model_id:id,group_id:id,perm_read,perm_write,perm_create,perm_unlink
access_im_dashboard_user,im.dashboard.user,model_im_dashboard,base.group_user,1,0,0,0

access_im_product_category_viewer,im.product.category.viewer,model_im_product_category,inventory_management.group_stock_viewer,1,0,0,0
access_im_product_category_user,im.product.category.user,model_im_product_category,inventory_management.group_stock_user,1,0,0,0
access_im_product_category_manager,im.product.category.manager,model_im_product_category,inventory_management.group_stock_manager,1,1,1,1

access_im_product_viewer,im.product.viewer,model_im_product,inventory_management.group_stock_viewer,1,0,0,0
access_im_product_user,im.product.user,model_im_product,inventory_management.group_stock_user,1,0,0,0
access_im_product_manager,im.product.manager,model_im_product,inventory_management.group_stock_manager,1,1,1,1

access_res_partner_im_viewer,res.partner.im.viewer,base.model_res_partner,inventory_management.group_stock_viewer,1,0,0,0
access_res_partner_im_user,res.partner.im.user,base.model_res_partner,inventory_management.group_stock_user,1,0,0,0
access_res_partner_im_manager,res.partner.im.manager,base.model_res_partner,inventory_management.group_stock_manager,1,1,1,0

access_im_warehouse_viewer,im.warehouse.viewer,model_im_warehouse,inventory_management.group_stock_viewer,1,0,0,0
access_im_warehouse_user,im.warehouse.user,model_im_warehouse,inventory_management.group_stock_user,1,0,0,0
access_im_warehouse_manager,im.warehouse.manager,model_im_warehouse,inventory_management.group_stock_manager,1,1,1,1

access_im_location_viewer,im.location.viewer,model_im_location,inventory_management.group_stock_viewer,1,0,0,0
access_im_location_user,im.location.user,model_im_location,inventory_management.group_stock_user,1,0,0,0
access_im_location_manager,im.location.manager,model_im_location,inventory_management.group_stock_manager,1,1,1,1

access_im_purchase_order_viewer,im.purchase.order.viewer,model_im_purchase_order,inventory_management.group_stock_viewer,1,0,0,0
access_im_purchase_order_user,im.purchase.order.user,model_im_purchase_order,inventory_management.group_stock_user,1,1,1,0
access_im_purchase_order_manager,im.purchase.order.manager,model_im_purchase_order,inventory_management.group_stock_manager,1,1,1,1

access_im_purchase_line_viewer,im.purchase.line.viewer,model_im_purchase_line,inventory_management.group_stock_viewer,1,0,0,0
access_im_purchase_line_user,im.purchase.line.user,model_im_purchase_line,inventory_management.group_stock_user,1,1,1,0
access_im_purchase_line_manager,im.purchase.line.manager,model_im_purchase_line,inventory_management.group_stock_manager,1,1,1,1

access_im_sale_order_viewer,im.sale.order.viewer,model_im_sale_order,inventory_management.group_stock_viewer,1,0,0,0
access_im_sale_order_user,im.sale.order.user,model_im_sale_order,inventory_management.group_stock_user,1,1,1,0
access_im_sale_order_manager,im.sale.order.manager,model_im_sale_order,inventory_management.group_stock_manager,1,1,1,1

access_im_sale_line_viewer,im.sale.line.viewer,model_im_sale_line,inventory_management.group_stock_viewer,1,0,0,0
access_im_sale_line_user,im.sale.line.user,model_im_sale_line,inventory_management.group_stock_user,1,1,1,0
access_im_sale_line_manager,im.sale.line.manager,model_im_sale_line,inventory_management.group_stock_manager,1,1,1,1

access_im_shipment_viewer,im.shipment.viewer,model_im_shipment,inventory_management.group_stock_viewer,1,0,0,0
access_im_shipment_user,im.shipment.user,model_im_shipment,inventory_management.group_stock_user,1,1,1,0
access_im_shipment_manager,im.shipment.manager,model_im_shipment,inventory_management.group_stock_manager,1,1,1,1

access_im_move_viewer,im.move.viewer,model_im_move,inventory_management.group_stock_viewer,1,0,0,0
access_im_move_user,im.move.user,model_im_move,inventory_management.group_stock_user,1,1,1,0
access_im_move_manager,im.move.manager,model_im_move,inventory_management.group_stock_manager,1,1,1,1

access_im_quant_viewer,im.quant.viewer,model_im_quant,inventory_management.group_stock_viewer,1,0,0,0
access_im_quant_user,im.quant.user,model_im_quant,inventory_management.group_stock_user,1,0,0,0
access_im_quant_manager,im.quant.manager,model_im_quant,inventory_management.group_stock_manager,1,0,0,0

access_im_adjustment_user,im.adjustment.user,model_im_adjustment,inventory_management.group_stock_user,1,0,0,0
access_im_adjustment_manager,im.adjustment.manager,model_im_adjustment,inventory_management.group_stock_manager,1,1,1,0

access_im_alert_viewer,im.alert.viewer,model_im_alert,inventory_management.group_stock_viewer,1,0,0,0
access_im_alert_user,im.alert.user,model_im_alert,inventory_management.group_stock_user,1,1,0,0
access_im_alert_manager,im.alert.manager,model_im_alert,inventory_management.group_stock_manager,1,1,1,1
